Workbook

Sheet 假設
A1: Claude Code 導入商業論證：輸入假設（黃底可改）
A3: 項目 | B3: 說明 | C3: 值 | D3: 單位 | E3: 來源
A4: 團隊開發者人數 | C4: 10 | D4: 人 | E4: 假設值
A5: 每人年度全額成本（薪資＋福利＋稅＋設備） | C5: 180000 | D5: USD/年 | E5: 假設值
A6: 每人每年工作時數 | C6: 2000 | D6: 小時 | E6: 假設值
A7: 每年工作週數 | C7: 50 | D7: 週 | E7: 假設值
A8: 高影響任務佔工時比例 | C8: 0.4 | D8: % | E8: 假設值
A9: 高影響任務效率權重 | C9: 1.5 | D9: 倍 | E9: 假設值
A10: 中影響任務佔工時比例 | C10: 0.35 | D10: % | E10: 假設值
A11: 中影響任務效率權重 | C11: 1 | D11: 倍 | E11: 假設值
A12: 生產力下降期間 | C12: 2 | D12: 週 | E12: 書
A13: 每人每月訂閱成本 | C13: 100 | D13: USD/人/月 | E13: 假設值
A14: 分析期間 | C14: 12 | D14: 月 | E14: 假設值
A16: 註：標「假設值」的數字書上沒有，是本練習自訂，導入前請換成公司實際數字。

Sheet 計算
A1: 情境 | B1: 保守 | C1: 基準 | D1: 樂觀
A2: 基準效率提升（書） | B2: 0.15 | C2: 0.2 | D2: 0.3
A3: 培訓時數（書：2–4 小時） | B3: 4 | C3: 3 | D3: 2
A4: 前兩週生產力下降（書：10–15%） | B4: 0.15 | C4: 0.125 | D4: 0.1
A5: 每小時全額成本 | B5: =假設!$C$5/假設!$C$6 -> 90 | C5: =假設!$C$5/假設!$C$6 -> 90 | D5: =假設!$C$5/假設!$C$6 -> 90
A6: 加權係數（高／中影響任務） | B6: =假設!$C$8*假設!$C$9+假設!$C$10*假設!$C$11 -> 0.95 | C6: =假設!$C$8*假設!$C$9+假設!$C$10*假設!$C$11 -> 0.95 | D6: =假設!$C$8*假設!$C$9+假設!$C$10*假設!$C$11 -> 0.95
A7: 有效效率提升 | B7: =B2*B6 -> 0.1425 | C7: =C2*C6 -> 0.19 | D7: =D2*D6 -> 0.285
A8: 每月效益（全團隊） | B8: =假設!$C$4*假設!$C$5/12*B7 -> 21375 | C8: =假設!$C$4*假設!$C$5/12*C7 -> 28500 | D8: =假設!$C$4*假設!$C$5/12*D7 -> 42750
A9: 每月訂閱成本（全團隊） | B9: =假設!$C$4*假設!$C$13 -> 1000 | C9: =假設!$C$4*假設!$C$13 -> 1000 | D9: =假設!$C$4*假設!$C$13 -> 1000
A10: 每月淨效益 | B10: =B8-B9 -> 20375 | C10: =C8-C9 -> 27500 | D10: =D8-D9 -> 41750
A11: 一次性培訓成本 | B11: =假設!$C$4*B3*B5 -> 3600 | C11: =假設!$C$4*C3*C5 -> 2700 | D11: =假設!$C$4*D3*D5 -> 1800
A12: 一次性生產力下降成本 | B12: =假設!$C$4*假設!$C$5/假設!$C$7*假設!$C$12*B4 -> 10800 | C12: =假設!$C$4*假設!$C$5/假設!$C$7*假設!$C$12*C4 -> 9000 | D12: =假設!$C$4*假設!$C$5/假設!$C$7*假設!$C$12*D4 -> 7200
A13: 一次性導入成本合計 | B13: =B11+B12 -> 14400 | C13: =C11+C12 -> 11700 | D13: =D11+D12 -> 9000
A14: 分析期總效益 | B14: =B8*假設!$C$14 -> 256500 | C14: =C8*假設!$C$14 -> 342000 | D14: =D8*假設!$C$14 -> 513000
A15: 分析期總成本 | B15: =B13+B9*假設!$C$14 -> 26400 | C15: =C13+C9*假設!$C$14 -> 23700 | D15: =D13+D9*假設!$C$14 -> 21000
A16: 分析期淨效益 | B16: =B14-B15 -> 230100 | C16: =C14-C15 -> 318300 | D16: =D14-D15 -> 492000
A17: ROI | B17: =IF(B15=0,0,B16/B15) -> 8.7159091 | C17: =IF(C15=0,0,C16/C15) -> 13.43038 | D17: =IF(D15=0,0,D16/D15) -> 23.428571
A18: 回本月數 | B18: =IF(B10<=0,"不回本",B13/B10) -> 0.70674847 | C18: =IF(C10<=0,"不回本",C13/C10) -> 0.42545455 | D18: =IF(D10<=0,"不回本",D13/D10) -> 0.21556886
